"modele","X1","n","moyenne","ecart_type","mediane"
"Modèle 1","source",500,2.01755995159699,1.93700998187488,1.97142479823849
"Modèle 2","source",500,2.0456831716032,2.23401452363565,2.0257035799473
"Modèle 1","cible",500,2.97024581368865,1.54316592278858,3.04160611910023
"Modèle 2","cible",500,3.11036816263672,2.06312756665423,3.19577350253097
